placa,tipo_vehiculo
GWR-746,VI (Interés)
VZL-743,VI (Interés)
HCY-417,VI (Interés)
MFB-409,VI (Interés)
YMT-926,VI (Interés)
WCE-264,VI (Interés)
JGU-381,VI (Interés)
JXB-367,VI (Interés)
RCP-031,VI (Interés)
HDB-559,VI (Interés)
DYU-919,VI (Interés)
DPS-768,VI (Interés)
HXS-147,VI (Interés)
NJR-086,VI (Interés)
JAM-772,VI (Interés)
THC-204,Liebre Real
KGJ-687,Liebre Real
MBA-667,Liebre Real
ECM-752,Liebre Real
ACE-204,Liebre Real
ZPG-899,Liebre Real
NVG-033,Liebre Real
EZG-362,Liebre Real
YBK-845,Liebre Real
MMW-968,Liebre Real
GAA-883,Liebre Real
NJC-657,Liebre Real
JEA-297,Liebre Real
RYJ-300,Liebre Real
WMG-120,Liebre Real
ETT-011,Liebre Real
YZE-002,Liebre Real
BXM-956,Liebre Real
DZL-705,Liebre Real
EWB-550,Liebre Real
JFS-233,Liebre Ocasional
VCV-363,Liebre Ocasional
JAH-617,Liebre Ocasional
ALU-692,Liebre Ocasional
GSS-830,Liebre Ocasional
BAS-446,Liebre Ocasional
JJC-223,Liebre Ocasional
YAW-073,Liebre Ocasional
FHW-282,Liebre Ocasional
UPU-152,Liebre Ocasional
SJD-030,Liebre Ocasional
PXS-377,Liebre Ocasional
GCT-025,Liebre Ocasional
ZYP-552,Liebre Ocasional
YHB-400,Liebre Ocasional
ESV-320,Liebre Ocasional
TMP-452,Liebre Ocasional
JET-420,Liebre Ocasional
WXZ-021,Liebre Ocasional
KYC-771,Liebre Ocasional
RYZ-191,Liebre Ocasional
THA-856,Liebre Ocasional
KZC-187,Liebre Ocasional
NGD-307,Liebre Ocasional
PSP-261,Liebre Ocasional
BZY-289,Normal
YYT-395,Normal
RYL-407,Normal
XMM-463,Normal
FNW-267,Normal
WSN-192,Normal
TVZ-949,Normal
XZJ-409,Normal
ARB-587,Normal
NXA-645,Normal
ZCM-924,Normal
YPE-034,Normal
MSS-463,Normal
AEZ-995,Normal
EDB-399,Normal
VAE-376,Normal
BTW-712,Normal
AAV-420,Normal
AHK-121,Normal
CZT-979,Normal
KBV-863,Normal
XUN-738,Normal
XDK-487,Normal
CTC-310,Normal
GZE-066,Normal
CJT-038,Normal
YNV-038,Normal
VMJ-632,Normal
RSX-428,Normal
WXD-468,Normal
GNX-996,Normal
PEC-618,Normal
KMT-567,Normal
KJU-914,Normal
EFV-705,Normal
WTG-833,Normal
FVM-569,Normal
VGC-193,Normal
HJG-028,Normal
TAF-459,Normal
MNN-454,Normal
LED-223,Normal
URJ-004,Normal
YYC-689,Normal
SHF-747,Normal
DHU-483,Normal
YTJ-043,Normal
NSN-251,Normal
VER-819,Normal
UNE-670,Normal
YAU-049,Normal
YTN-018,Normal
CAX-650,Normal
EEF-246,Normal
EXE-992,Normal
TXP-802,Normal
NND-007,Normal
BHG-991,Normal
YYC-105,Normal
MET-644,Normal
PBL-265,Normal
BFU-112,Normal
BWF-076,Normal
KVT-439,Normal
TKT-374,Normal
BFX-128,Normal
ZZS-573,Normal
HDC-219,Normal
VVX-419,Normal
YXF-048,Normal
MPB-098,Normal
RYR-709,Normal
DAH-023,Normal
RRY-967,Normal
BNP-726,Normal
CRZ-195,Normal
CVR-864,Normal
KGT-659,Normal
MTN-383,Normal
KCJ-135,Normal
BRH-702,Normal
KJE-539,Normal
BNF-480,Normal
XYX-556,Normal
SDL-768,Normal
ZCV-743,Normal
FBW-355,Normal
TFV-817,Normal
VNM-459,Normal
YDV-303,Normal
TMR-095,Normal
ELD-205,Normal
UKE-691,Normal
NHB-304,Normal
JTJ-756,Normal
CTE-147,Normal
LJB-220,Normal
HYH-842,Normal
XEE-293,Normal
NKU-776,Normal
HPV-506,Normal
RAT-061,Normal
PXH-726,Normal
VFF-262,Normal
HKW-036,Normal
DFA-460,Normal
DYB-949,Normal
AYF-373,Normal
RHE-312,Normal
VDD-943,Normal
LKH-557,Normal
ZRP-971,Normal
ARH-334,Normal
EHK-098,Normal
YVP-785,Normal
LZA-449,Normal
PDY-680,Normal
YZV-748,Normal
XJK-384,Normal
JCW-895,Normal
BGU-102,Normal
YGW-547,Normal
ATL-591,Normal
XTG-038,Normal
TWY-570,Normal
GAN-627,Normal
VTN-721,Normal
APV-115,Normal
TUF-230,Normal
HZG-299,Normal
VPB-066,Normal
UGH-086,Normal
CZH-584,Normal
CVA-712,Normal
PPL-334,Normal
YXP-616,Normal
KGA-642,Normal
SVD-110,Normal
REW-912,Normal
ZZM-344,Normal
